PID,OverallQuality,OverallCondition
0526301100,6,5
0526350040,5,6
0526351010,6,6
0526353030,7,5
0527105010,5,5
0527105030,6,6
0527127150,8,5
0527145080,8,5
0527146030,8,5
0527162130,7,5
0527163010,6,5
0527165230,6,7
0527166040,6,5
0527180040,7,5
0527182190,8,5
0527258010,9,2
0527276150,4,5
0527302110,6,6
0527358140,6,6
0527358200,7,6
0527368020,7,5
0527402200,6,7
0527402250,5,6
0527403020,5,6
0527404120,4,5
0527425090,4,5
0527427230,7,5
0527451180,6,5
0527451330,5,5
0527451410,6,5
0527452190,6,5
0527453130,6,6
0527453150,7,6
0527454200,6,5
0528112020,8,5
0528120090,8,5
0528120100,7,5
0528120120,9,5
0528138020,8,5
0528138060,7,5
0528175010,7,5
0528176070,8,5
0528181050,8,5
0528188120,7,5
0528218150,6,5
0528228285,7,5
0528228440,8,5
0528231020,7,5
0528240130,7,5
0528250100,7,5
0528292020,7,5
0528328100,9,5
0528344070,8,5
0528358010,7,5
0528363130,8,5
0528382020,8,7
0528382030,7,5
0528386040,8,5
0528458110,8,5
0528477080,7,5
0528480090,6,5
0531367050,7,5
0531369060,7,5
0531380080,7,5
0531451110,6,5
0531451280,6,5
0531452020,6,5
0531452050,6,5
0531452180,7,7
0531453010,6,5
0531453040,6,6
0531477050,5,5
0532354090,5,7
0532376160,5,8
0532377060,5,5
0532377100,5,5
0532378110,5,8
0532479070,6,6
0533130020,7,5
0533130130,8,5
0533130160,8,5
0533205060,7,5
0533208090,7,5
0533210060,7,5
0533212010,7,5
0533212020,7,5
0533212060,6,5
0533221090,6,5
0533221110,6,5
0533223020,7,5
0533223100,7,5
0533238045,8,5
0533244030,8,5
0533253060,8,5
0533253210,8,6
0533352170,6,8
0534102025,7,5
0534129040,6,6
0534151175,6,5
0534152050,6,7
0534152100,7,5
0534176060,6,7
0534202160,5,5
0534251320,6,5
0534276360,4,5
0534401110,5,5
0534401140,5,6
0534403360,6,5
0534403410,5,7
0534425310,6,7
0534430080,5,6
0534431050,5,7
0534431070,6,6
0534450180,5,7
0534451150,3,2
0534475100,5,5
0534479320,5,6
0535101020,6,8
0535125010,7,5
0535126040,6,6
0535152050,7,5
0535152130,5,5
0535152150,5,5
0535152250,5,6
0535153070,6,6
0535154050,5,5
0535175070,5,5
0535175180,5,5
0535179020,6,5
0535180130,4,5
0535302080,5,7
0535302200,5,6
0535304060,5,5
0535304180,5,7
0535325400,4,7
0535350030,5,7
0535350040,5,7
0535353190,6,5
0535401080,5,7
0535425010,7,7
0535450210,6,8
0535453070,5,7
0535454070,5,4
0535456110,5,7
0535457010,6,6
0535457090,5,6
0535476350,6,7
0535477020,6,5
0902104060,4,7
0902106130,5,7
0902106140,5,6
0902110090,5,7
0902125080,3,6
0902125160,4,6
0902128170,5,7
0902206040,5,7
0902206130,6,7
0902206220,5,7
0902206240,5,6
0902207130,2,2
0902207140,6,8
0902305110,8,9
0902327040,5,6
0902401060,5,3
0902402010,6,7
0902402130,4,7
0902402250,4,6
0902403070,6,7
0903204040,5,6
0903206120,7,7
0903225150,4,7
0903226160,6,7
0903227020,6,6
0903227150,5,6
0903228150,6,7
0903232190,5,7
0903233120,5,5
0903234050,6,5
0903425110,7,6
0903426180,4,5
0903426200,6,8
0903430080,6,8
0903476030,5,9
0904100140,7,7
0904101110,5,5
0904300150,5,3
0904350045,6,5
0904351040,4,1
0904352190,5,7
0905101100,5,8
0905102060,5,4
0905103060,5,6
0905104210,5,5
0905105070,5,8
0905105200,5,7
0905106140,6,7
0905106170,5,5
0905107250,5,5
0905107320,6,5
0905109130,7,5
0905109170,7,7
0905201030,4,4
0905202090,4,7
0905352140,6,5
0905378040,3,4
0905426200,6,7
0905451320,5,6
0905452110,4,6
0905452160,5,7
0905453040,6,5
0905453080,7,5
0905475510,5,3
0906201030,6,5
0906201120,7,5
0906223090,7,5
0906225210,6,6
0906378100,8,5
0906425045,6,8
0906477110,6,7
0907125090,5,5
0907180050,7,5
0907185060,6,5
0907200280,5,8
0907200290,6,7
0907200340,5,6
0907203070,5,6
0907250030,8,5
0907252120,8,5
0907262050,7,6
0907280040,7,5
0907290040,7,5
0907290170,6,5
0907290240,6,5
0907401090,8,5
0907410080,7,5
0907414030,7,5
0908102110,5,6
0908102170,5,6
0908102300,4,5
0908103350,6,6
0908152080,6,5
0908203100,4,5
0908208020,4,5
0908225320,6,4
0908226130,4,4
0909100080,5,6
0909100110,6,4
0909101070,3,3
0909176140,5,6
0909176150,6,6
0909250030,5,2
0909250060,6,7
0909281080,7,6
0909428280,7,8
0909452114,7,6
0909455030,8,6
0909455040,8,5
0909475140,7,8
0910202060,4,8
0910203250,2,5
0910205120,6,5
0911128180,4,4
0911370510,8,5
0914467040,8,5
0914475090,6,7
0914476520,7,5
0914478045,6,5
0916125360,5,5
0916386010,7,5
0916386020,7,5
0916386060,5,5
0916386090,8,5
0916455170,7,5
0916475110,8,5
0923201020,5,5
0923202105,5,5
0923205015,5,5
0923225300,4,5
0923225390,5,6
0923225440,5,3
0923226250,4,7
0923226320,4,6
0923228270,4,4
0923228370,4,6
0923230190,5,7
0923251080,5,7
0923276030,5,7
0923426070,5,5
0924100050,5,5
0924151040,8,5
0924152030,6,5
0526302110,6,5
0526351100,6,5
0526355080,8,7
0527105070,6,5
0527105130,8,5
0527107130,7,5
0527110020,7,5
0527127100,8,5
0527131030,8,5
0527132090,8,5
0527146010,8,5
0527161040,7,5
0527162110,7,5
0527162120,6,5
0527163040,6,7
0527163130,6,5
0527164020,6,5
0527164060,6,5
0527164090,6,5
0527165130,6,6
0527166010,7,5
0527180100,7,5
0527182110,8,5
0527254020,8,5
0527258020,7,5
0527276160,5,6
0527301320,7,7
0527302175,6,5
0527326040,7,5
0527326150,6,7
0527352150,7,6
0527353020,6,6
0527353060,7,7
0527354100,7,5
0527354200,6,5
0527355150,8,5
0527359180,5,7
0527364030,7,5
0527365030,8,5
0527366030,8,5
0527368010,8,5
0527375100,5,7
0527451650,5,7
0527452060,6,6
0527453050,6,5
0527453060,6,6
0527453140,7,5
0527454050,6,5
0527454130,6,5
0527455050,6,5
0527455060,6,6
0527455080,6,5
0527455090,7,6
0527455240,5,5
0527455280,5,7
0528106070,9,5
0528108010,8,5
0528108040,9,5
0528116010,8,5
0528118060,8,5
0528120020,8,5
0528120160,8,5
0528120170,9,5
0528142040,9,5
0528142090,8,5
0528142130,8,5
0528142150,7,5
0528144020,7,5
0528172060,8,5
0528174050,6,5
0528174060,6,5
0528174070,6,5
0528175050,7,5
0528175060,7,5
0528178010,8,5
0528186010,8,5
0528186180,8,5
0528188020,7,5
0528188060,7,5
0528218090,7,5
0528228295,7,5
0528228435,7,5
0528228450,7,5
0528228455,7,5
0528228460,7,5
0528235200,7,5
0528240030,7,5
0528240060,8,5
0528250040,7,5
0528253010,7,5
0528275070,7,5
0528280230,6,5
0528290030,7,5
0528290120,6,5
0528290180,6,5
0528290190,7,5
0528292030,7,5
0528292040,6,5
0528292070,7,5
0528294050,7,6
0528315090,8,5
0528321010,8,5
0528327070,8,5
0528344040,8,5
0528344100,8,5
0528354050,7,5
0528363050,8,5
0528365070,7,5
0528385050,7,5
0528387030,8,5
0528390100,8,7
0528390210,7,6
0528427020,8,5
0528431020,8,5
0528431070,8,5
0528435030,8,5
0528435050,8,5
0528439060,8,5
0528441020,7,5
0528456180,7,5
0528458140,9,5
0528458180,8,5
0528477070,8,5
0528480040,8,5
0528480130,7,5
0528480170,8,5
0528482040,7,5
0528482130,7,5
0531363010,7,6
0531363030,7,5
0531363050,6,5
0531369010,7,5
0531369020,8,5
0531375040,7,5
0531375090,5,5
0531375130,5,5
0531376090,7,5
0531379050,7,5
0531382070,8,5
0531385020,7,5
0531450120,6,6
0531452010,6,6
0531452070,6,5
0531452260,7,5
0531453100,6,7
0531479020,6,3
0532353020,5,5
0532353130,5,6
0532354160,5,6
0532354230,5,5
0532376070,5,5
0532376110,5,8
0532377130,5,6
0532378120,5,5
0532378180,5,6
0532478020,8,8
0533135020,7,8
0533206020,7,5
0533210010,6,5
0533210020,6,5
0533213010,6,5
0533213020,6,5
0533213040,6,5
0533221040,6,5
0533223030,7,5
0533236050,8,5
0533253070,8,5
0533254050,7,5
0533254110,8,5
0533352150,4,4
0534125080,6,6
0534128100,6,6
0534128190,6,7
0534129080,6,5
0534129370,5,5
0534129380,6,5
0534152120,6,5
0534175080,7,5
0534177230,8,6
0534200030,5,6
0534202170,5,5
0534226120,5,6
0534250400,7,5
0534251030,6,5
0534252240,6,5
0534275060,4,7
0534275100,5,7
0534276040,6,6
0534277090,4,5
0534278070,5,6
0534400050,6,6
0534400290,5,6
0534402060,5,5
0534402140,5,6
0534402170,5,6
0534403370,6,6
0534426110,5,6
0534429150,6,6
0534431130,5,5
0534451110,5,4
0534475185,6,4
0534475250,6,5
0534476150,6,5
0534476320,5,6
0534477110,6,8
0534478230,5,7
0535104120,6,6
0535105100,6,5
0535125070,6,8
0535125090,7,6
0535126010,6,6
0535126100,6,3
0535150070,4,4
0535151040,5,7
0535152230,6,3
0535154060,7,6
0535154130,6,8
0535175030,6,6
0535175050,6,7
0535178040,5,5
0535178120,5,5
0535179160,4,5
0535300120,6,5
0535301170,5,6
0535303110,6,7
0535303150,5,6
0535325290,4,5
0535352090,5,6
0535353040,5,8
0535353240,7,7
0535354070,5,6
0535354100,6,6
0535375010,3,5
0535375050,5,7
0535376060,5,7
0535377150,4,8
0535378020,5,8
0535378120,5,7
0535381040,4,5
0535382100,7,9
0535383110,5,7
0535383120,3,5
0535402090,6,7
0535403190,6,9
0535403210,6,6
0535403280,5,7
0535425070,6,5
0535450070,5,7
0535450200,6,5
0535451250,5,4
0535452090,5,6
0535452100,5,6
0535452140,5,7
0535453100,5,5
0535453200,5,5
0535454100,4,7
0535454160,6,7
0535475010,6,5
0535476240,6,6
0535477150,5,5
0902101010,6,8
0902102080,5,6
0902103100,6,8
0902103170,5,6
0902105050,5,8
0902105060,5,8
0902106010,5,6
0902110080,7,8
0902134120,5,5
0902201110,5,7
0902202150,5,4
0902204080,4,6
0902205030,3,6
0902206260,5,8
0902207170,5,8
0902301060,4,4
0902301080,5,7
0902327070,6,7
0902329080,6,7
0902330040,8,9
0902331010,4,3
0902401130,7,9
0902402150,5,4
0902405100,5,6
0902406070,6,7
0902477120,4,5
0902477130,3,3
0903201020,6,6
0903201080,7,7
0903202170,5,7
0903205040,6,6
0903226130,4,6
0903226170,6,9
0903227070,5,8
0903227090,6,6
0903228070,5,5
0903228120,6,7
0903230100,5,5
0903231010,5,6
0903231030,4,7
0903231130,5,7
0903232060,5,6
0903234220,5,6
0903236040,5,5
0903400220,6,6
0903425245,7,8
0903427120,6,6
0903429080,7,8
0903429110,7,8
0903430060,6,6
0903451090,6,5
0903458170,4,5
0903475100,6,7
0903476090,7,5
0903481120,6,6
0903481130,4,6
0903484110,6,7
0904351200,6,6
0904351240,5,3
0905101260,5,6
0905101490,5,6
0905103040,6,5
0905103070,5,6
0905105190,5,7
0905108190,5,5
0905108220,5,6
0905200220,5,5
0905200260,5,5
0905200350,6,5
0905225090,5,5
0905229040,4,5
0905377010,4,6
0905377130,4,5
0905401100,5,5
0905450020,6,5
0905451300,5,5
0905451340,5,3
0905452040,6,7
0905452050,4,6
0905475160,5,6
0905476230,5,5
0905478030,5,4
0905480030,6,5
0905480210,4,5
0906201021,7,6
0906201050,6,5
0906201130,8,8
0906203120,7,7
0906223060,7,5
0906223080,7,5
0906223210,8,5
0906340110,8,5
0906340120,8,5
0906378110,8,5
0906380050,8,5
0906380060,8,5
0906380100,9,5
0906380130,7,5
0906380210,7,5
0906380220,8,5
0906392070,7,5
0906392110,8,5
0906392130,6,5
0906402060,7,5
0906426210,7,5
0906475070,5,5
0907126010,5,5
0907126050,5,7
0907130100,6,5
0907131090,7,6
0907131190,7,5
0907135040,5,5
0907135170,5,5
0907194010,7,5
0907194110,7,5
0907194160,7,5
0907196060,7,5
0907200230,5,5
0907201220,5,5
0907201280,5,7
0907202050,5,7
0907202080,5,8
0907202130,5,7
0907227030,5,6
0907227080,5,5
0907227110,5,8
0907227290,5,7
0907250070,7,5
0907252060,8,5
0907252210,8,5
0907252220,8,5
0907253130,9,5
0907265010,7,5
0907275010,8,5
0907275090,7,5
0907275140,8,5
0907290070,7,5
0907290090,7,5
0907290180,6,5
0907290210,6,5
0907410130,8,5
0907412020,7,5
0907414020,7,5
0907414080,6,5
0907420040,6,5
0908102270,5,7
0908102290,4,6
0908151050,6,6
0908152100,6,6
0908201040,5,9
0908203090,4,5
0908225290,5,5
0908229020,5,8
0908275110,5,5
0909101010,6,8
0909101100,5,6
0909101140,5,5
0909129100,5,5
0909175080,2,5
0909178160,6,7
0909250080,6,6
0909250220,4,3
0909251050,6,8
0909251170,6,6
0909252020,7,9
0909253010,6,6
0909253180,7,7
0909254010,7,8
0909257050,7,9
0909275080,5,6
0909276110,6,7
0909282130,5,6
0909425060,7,7
0909425130,6,6
0909426090,5,7
0909427200,6,8
0909451040,6,6
0909451100,6,6
0909451140,6,6
0909451180,6,6
0909452050,6,6
0909475040,7,9
0909475300,6,9
0910202070,5,7
0910204050,5,6
0910205020,5,5
0911104060,4,6
0914465020,8,5
0914465040,7,5
0914465055,7,5
0914474070,6,5
0916380070,9,5
0916382010,7,5
0916386140,8,5
0916403010,6,5
0916403200,6,8
0916455070,8,5
0916460110,7,5
0923201100,5,7
0923203110,6,5
0923203190,6,5
0923225360,4,5
0923225490,5,6
0923226270,4,8
0923227080,5,5
0923228110,4,4
0923228150,4,6
0923228230,4,4
0923230200,5,8
0923252075,6,5
0923275040,5,6
0923275140,5,5
0923276260,5,6
0923400110,5,5
0924100040,6,5
0924100060,5,7
0526353050,6,7
0526354070,6,5
0527105050,6,5
0527106050,6,5
0527106140,6,5
0527106150,6,5
0527107010,6,5
0527107090,5,5
0527107210,7,5
0527127140,8,5
0527131110,8,5
0527140090,8,5
0527145090,8,5
0527161010,6,5
0527162180,6,5
0527212050,9,5
0527226020,6,2
0527276040,6,5
0527301170,7,6
0527301245,7,6
0527302050,6,6
0527302070,7,7
0527302185,7,5
0527302210,7,5
0527325070,6,7
0527325240,6,5
0527326130,5,6
0527354160,7,6
0527357110,5,6
0527357180,7,7
0527358120,6,5
0527359030,6,5
0527359070,7,6
0527378020,5,6
0527380240,8,5
0527402060,6,8
0527402130,4,6
0527403360,5,5
0527425035,4,5
0527427110,6,5
0527450110,6,5
0527450250,6,5
0527450520,6,6
0527451060,6,6
0527451290,6,5
0527451400,6,3
0527451550,5,5
0527452150,6,6
0527453160,6,6
0527454120,7,6
0527455270,5,5
0528108150,8,5
0528110080,8,5
0528110110,8,5
0528118030,9,5
0528120130,9,5
0528142140,8,5
0528178090,8,5
0528181010,7,5
0528186160,8,5
0528186170,8,5
0528188090,7,5
0528188150,7,5
0528190010,7,5
0528228345,7,5
0528228405,7,5
0528228445,7,5
0528228465,7,5
0528228540,7,5
0528235020,6,5
0528235120,6,5
0528235180,7,5
0528240040,6,5
0528290010,7,5
0528292060,7,5
0528294060,7,5
0528315060,8,5
0528315110,8,5
0528326030,8,5
0528326110,9,5
0528346050,8,5
0528354100,7,5
0528363020,8,7
0528363110,8,6
0528365060,7,5
0528365080,7,5
0528387050,7,5
0528390020,8,5
0528427010,8,5
0528427070,6,5
0528429050,8,5
0528429070,7,5
0528429080,9,5
0528431060,8,5
0528431080,7,5
0528435020,8,5
0528458030,8,5
0528458050,7,5
0528477040,7,5
0528478030,8,5
0528478040,7,5
0528480060,8,5
0528482020,8,5
0528488140,7,5
0528490080,6,5
0531363060,7,5
0531371070,6,5
0531373060,7,5
0531375050,6,5
0531375110,5,5
0531376070,7,5
0531382090,6,5
0531382110,6,5
0531450030,7,5
0531450090,6,5
0531450170,6,5
0531451020,6,5
0531452140,6,5
0532351050,5,5
0532353050,5,6
0532354150,5,8
0532376170,5,5
0532377020,5,5
0532378200,6,8
0532477030,6,5
0532479020,5,4
0533125080,6,5
0533125140,9,5
0533206050,7,5
0533208080,7,5
0533208140,7,5
0533212050,6,5
0533212140,7,5
0533212150,7,5
0533213070,7,5
0533213120,6,5
0533215020,9,5
0533215030,9,5
0533215040,9,5
0533215070,9,5
0533215080,9,5
0533217050,7,5
0533217060,7,5
0533234020,7,5
0533236060,8,5
0533236070,8,5
0533250050,8,5
0533250110,8,5
0533251120,6,6
0534126090,7,6
0534127210,6,6
0534127230,6,5
0534128050,6,7
0534129060,7,7
0534177180,6,7
0534201240,5,6
0534202130,5,8
0534204030,5,7
0534250335,7,6
0534250410,6,6
0534251280,6,8
0534252270,7,5
0534277060,4,6
0534277070,4,7
0534400030,5,6
0534400060,6,5
0534401130,6,7
0534401190,6,6
0534403050,6,7
0534403080,5,8
0534403100,6,5
0534403260,5,5
0534426040,5,7
0534427040,6,6
0534428020,4,5
0534428100,5,7
0534451170,3,6
0534452060,5,6
0534477080,6,5
0534477090,5,8
0534477270,6,6
0534479150,5,5
0535104020,6,5
0535105030,5,6
0535105060,6,9
0535126140,6,7
0535150210,5,7
0535150280,5,5
0535151160,5,7
0535152200,5,4
0535153140,5,7
0535153150,6,6
0535176100,6,6
0535178060,6,5
0535179060,6,5
0535180100,6,7
0535180120,5,5
0535301080,5,6
0535302130,5,6
0535302140,5,5
0535303030,6,5
0535305030,5,7
0535305160,5,5
0535352080,5,5
0535375160,5,8
0535380050,5,6
0535380110,4,7
0535380140,5,5
0535402120,6,6
0535403010,5,6
0535425060,7,7
0535426260,6,5
0535427070,7,7
0535451050,5,7
0535453020,5,6
0535453040,5,5
0535453210,5,6
0535454150,6,6
0535455060,6,7
0535455080,6,6
0535455090,6,5
0535456070,5,6
0535456100,5,7
0535475020,6,5
0535476370,6,6
0535477090,5,5
0902100020,6,5
0902100030,5,5
0902102060,5,8
0902103150,5,7
0902105010,5,5
0902105020,6,7
0902105130,5,4
0902107030,6,7
0902109110,7,5
0902109120,4,6
0902128075,7,6
0902128150,6,6
0902134100,5,6
0902136110,5,9
0902201120,5,5
0902201140,5,7
0902202090,5,6
0902205070,2,5
0902205090,5,6
0902205140,4,7
0902207120,3,1
0902300110,5,5
0902300215,5,8
0902300260,7,8
0902301140,5,5
0902301150,5,7
0902305080,6,5
0902306120,5,9
0902306130,7,9
0902326060,6,7
0902328040,6,6
0902330010,8,5
0902401010,7,7
0902405070,7,7
0902406020,5,6
0902406090,5,5
0902427150,4,6
0903201030,5,7
0903204010,7,7
0903204095,5,6
0903206070,5,5
0903225050,5,6
0903225140,5,7
0903225160,6,9
0903226060,6,7
0903226150,5,7
0903227080,6,7
0903228040,6,7
0903228060,6,5
0903228090,6,7
0903230110,5,7
0903231080,4,7
0903232090,5,7
0903233080,7,5
0903234090,5,5
0903234100,7,5
0903235010,6,8
0903235100,4,6
0903236010,5,5
0903400180,6,7
0903401020,7,6
0903401030,6,4
0903401050,5,5
0903425420,6,7
0903426160,6,8
0903427090,8,7
0903429010,6,8
0903452025,6,6
0903453050,6,6
0903454100,6,6
0903455030,5,6
0903455140,6,7
0903456130,6,6
0903458110,6,7
0903475020,5,7
0903476110,6,7
0903481010,5,8
0903484020,6,7
0904100020,5,6
0904100040,5,5
0904100160,5,5
0904351280,5,7
0905100020,5,6
0905102170,5,5
0905103030,6,5
0905104080,5,7
0905104110,5,7
0905104180,5,7
0905107380,5,5
0905108170,5,5
0905200160,5,3
0905200510,5,6
0905201020,5,8
0905201110,6,8
0905201120,5,5
0905202230,6,7
0905225040,5,6
0905226030,5,8
0905351089,6,5
0905352030,7,5
0905352070,7,6
0905401045,7,7
0905401060,4,6
0905403060,7,5
0905403150,6,5
0905426030,5,7
0905427050,6,7
0905451330,5,6
0905452120,6,8
0905476120,5,8
0905477050,5,7
0905479110,5,5
0905480150,6,5
0905480240,5,6
0906204150,7,5
0906204280,6,5
0906223110,7,5
0906223140,7,5
0906223220,7,5
0906378190,7,5
0906380030,8,5
0906412010,9,5
0906420130,7,5
0906424010,8,5
0906475100,6,6
0906476030,6,5
0907126030,5,7
0907135020,5,6
0907135260,5,5
0907175080,7,5
0907194020,7,5
0907196040,7,5
0907196050,7,5
0907200110,5,6
0907201060,5,8
0907202010,5,6
0907202160,6,6
0907202190,5,6
0907202240,5,6
0907203090,5,6
0907227050,5,7
0907227300,5,7
0907250020,8,5
0907253060,7,5
0907255020,8,5
0907255030,9,5
0907255060,8,5
0907260010,8,5
0907262030,7,5
0907262060,7,5
0907262070,7,5
0907265100,8,5
0907285080,7,5
0907290150,6,5
0907290250,6,5
0907295020,6,5
0907412090,8,5
0907418010,7,6
0907418040,7,5
0907420080,7,5
0907425010,6,5
0907425015,6,5
0907425030,6,5
0907425035,6,5
0908102030,5,7
0908102140,5,5
0908102260,5,6
0908103260,5,5
0908103280,6,6
0908127120,5,6
0908128050,4,5
0908128110,7,5
0908151040,6,6
0908152110,6,7
0908152270,4,5
0908225170,4,5
0908226120,5,7
0908250090,4,5
0908275130,5,6
0908275180,4,6
0908275280,5,7
0909100150,4,7
0909100170,5,6
0909101060,3,3
0909101180,5,6
0909131170,6,8
0909175050,5,8
0909175100,6,5
0909177120,7,8
0909201110,5,6
0909251080,6,6
0909251090,6,7
0909252110,6,7
0909252220,6,6
0909253190,6,5
0909254050,8,9
0909256060,6,5
0909275040,6,3
0909275050,7,6
0909276170,6,7
0909277040,5,6
0909277070,5,4
0909281030,6,5
0909281110,8,6
0909425010,7,9
0909425085,7,9
0909428170,5,5
0909428190,6,7
0909451020,6,6
0909451150,6,6
0910200080,6,8
0910201130,6,8
0910202050,4,4
0910202100,6,8
0910203020,5,6
0910203090,5,7
0910206110,5,7
0910226040,5,5
0911102170,4,4
0911102180,4,7
0911370520,7,5
0911370540,8,5
0914465060,8,5
0914467050,7,5
0914475020,6,6
0914476010,6,6
0914476450,4,5
0916226030,7,6
0916325080,8,6
0916380060,8,5
0916382120,8,5
0916384100,8,5
0916386040,5,5
0916386080,5,5
0916386180,7,5
0916402015,6,5
0916402115,6,5
0916402215,6,5
0916403230,6,5
0916455120,8,5
0916460060,6,5
0916477020,8,5
0921126030,8,5
0921201060,8,5
0923202137,5,5
0923203140,6,5
0923225080,5,6
0923225150,5,6
0923225200,5,7
0923225310,4,7
0923225370,4,6
0923227030,5,6
0923228080,6,9
0923228420,4,7
0923250210,5,5
0923252100,5,7
0923275090,5,5
0923277030,5,9
0923277040,5,8
0923277080,5,6
0923400040,6,7
0923426010,5,6
0924100020,5,4
1007100110,5,1
0526352080,6,6
0526352090,7,5
0526355170,7,6
0526355190,8,6
0527105140,7,5
0527107040,6,5
0527110080,6,6
0527110120,6,5
0527110130,6,5
0527126030,8,5
0527158090,6,5
0527161090,6,5
0527162080,7,5
0527162090,7,5
0527163080,7,5
0527165020,7,5
0527165100,7,5
0527165170,6,5
0527175130,6,6
0527182040,8,5
0527182170,7,5
0527184020,8,5
0527184110,8,5
0527210060,9,5
0527252050,9,5
0527252070,8,6
0527256030,8,5
0527301080,6,7
0527301280,6,5
0527302060,7,7
0527302090,7,6
0527325090,7,5
0527328020,6,6
0527328050,6,6
0527353080,7,6
0527354050,6,5
0527356050,5,5
0527357020,6,5
0527358060,5,6
0527359080,7,7
0527359160,7,6
0527377110,6,6
0527402090,5,7
0527402150,6,5
0527402240,7,9
0527403310,5,6
0527404050,5,5
0527404100,5,5
0527404140,4,5
0527404150,4,6
0527425140,4,6
0527427090,7,5
0527427160,6,5
0527427200,6,5
0527450030,6,6
0527450150,6,5
0527450220,6,5
0527451020,5,5
0527451170,5,5
0527452100,6,5
0527453010,6,6
0527455030,7,7
0527455250,5,6
0528102120,8,5
0528102130,8,5
0528104010,8,5
0528106060,8,5
0528108160,7,5
0528110070,8,5
0528112150,8,5
0528120010,8,5
0528120150,8,5
0528144050,8,5
0528150110,8,5
0528150120,8,5
0528166150,8,5
0528168040,8,5
0528172030,8,5
0528172050,7,5
0528172070,8,5
0528172075,8,5
0528174010,6,5
0528174020,6,5
0528174030,6,5
0528174040,6,5
0528181060,8,5
0528181070,8,5
0528181080,8,5
0528186190,8,5
0528188160,7,5
0528218020,6,5
0528218050,6,5
0528218100,7,5
0528221030,6,5
0528221040,6,5
0528221050,6,5
0528221090,7,5
0528222030,7,5
0528222040,7,5
0528222050,6,5
0528222060,6,5
0528222080,7,5
0528222090,7,6
0528228270,7,5
0528228375,8,5
0528228555,7,5
0528231010,7,5
0528231030,7,5
0528235000,7,5
0528235160,7,5
0528235170,7,5
0528240020,7,5
0528250070,7,5
0528275035,6,5
0528275110,7,5
0528280110,6,5
0528280150,7,5
0528290060,7,5
0528290170,6,5
0528294010,6,5
0528322020,8,5
0528326060,8,5
0528340030,9,5
0528344020,8,5
0528348030,7,5
0528354060,7,5
0528354110,7,5
0528358040,7,5
0528364110,8,5
0528366070,8,5
0528376010,8,5
0528427040,7,6
0528427100,8,5
0528429110,8,5
0528431030,8,5
0528431050,8,5
0528431110,8,5
0528435060,7,6
0528435070,8,5
0528439040,8,5
0528439050,8,5
0528439080,7,5
0528441080,8,5
0528445020,7,5
0528445070,8,5
0528456190,8,5
0528456230,7,5
0528458080,8,5
0528458120,8,5
0528458130,8,5
0528477020,8,5
0528482010,8,5
0528482030,6,5
0531363020,6,5
0531363040,7,5
0531375140,5,5
0531376060,7,5
0531380110,6,5
0531384070,6,5
0531385070,7,5
0531385130,7,5
0531451030,6,5
0531451150,6,5
0531453140,5,7
0532353120,5,5
0532354010,5,6
0532354060,5,5
0532354070,5,7
0532376040,4,5
0532376090,5,5
0532377050,5,7
0532377140,5,5
0532378240,5,6
0532476080,7,5
0532477040,7,7
0532479050,5,5
0532479140,6,7
0533120030,8,5
0533130170,8,5
0533205110,8,5
0533206060,8,5
0533206070,8,5
0533208010,7,5
0533208020,7,5
0533208070,7,5
0533213130,6,5
0533213140,6,5
0533221030,6,5
0533221060,6,5
0533221100,6,5
0533223050,7,5
0533236040,8,5
0533241030,7,5
0533242080,7,5
0533242090,8,5
0533244040,8,5
0533250190,8,5
0533251110,7,6
0533251130,5,7
0533252130,5,8
0533253180,8,6
0533254100,6,7
0533254130,6,8
0533350020,8,5
0534104090,7,5
0534125120,6,6
0534127080,6,6
0534127140,6,6
0534127260,6,5
0534128090,7,7
0534151090,7,6
0534151180,7,6
0534176140,6,7
0534177210,7,6
0534178010,6,5
0534201040,5,6
0534202030,5,5
0534204120,5,7
0534252040,5,5
0534252110,5,5
0534275170,6,8
0534275220,5,5
0534276070,6,8
0534276160,5,7
0534276180,5,5
0534278150,5,5
0534278170,5,7
0534278190,5,7
0534401120,7,6
0534401200,6,5
0534403040,6,7
0534403290,6,7
0534403420,6,5
0534425015,6,7
0534425080,6,6
0534427140,5,6
0534430090,6,5
0534431020,5,7
0534451020,3,5
0534453080,5,8
0534475170,6,6
0534476080,5,6
0534479120,5,5
0534479140,5,7
0535105110,6,5
0535106140,5,5
0535106180,5,5
0535151020,6,7
0535151100,5,6
0535152060,5,6
0535154080,6,6
0535155110,5,7
0535176070,6,6
0535177020,5,5
0535177110,6,6
0535179120,5,5
0535180030,5,5
0535181030,6,3
0535181140,5,6
0535300040,5,5
0535301060,5,9
0535302070,6,6
0535304170,6,7
0535305180,5,7
0535325090,5,8
0535325280,5,5
0535325320,4,4
0535327160,5,5
0535327200,5,7
0535353050,4,6
0535353130,5,5
0535353160,4,7
0535354050,5,7
0535354260,5,6
0535375130,5,6
0535376010,4,6
0535378080,4,7
0535379060,4,6
0535379110,5,9
0535382150,5,6
0535402140,7,5
0535402180,5,7
0535403030,6,6
0535450190,5,7
0535450220,6,5
0535450310,6,6
0535451040,5,7
0535451100,5,3
0535451110,5,8
0535452060,5,7
0535453080,5,7
0535453150,5,6
0535453180,5,5
0535457020,5,5
0535476360,6,8
0535477130,5,5
0535477180,5,5
0535478040,5,5
0902100010,5,7
0902105110,5,7
0902106070,6,6
0902106120,5,5
0902110010,5,6
0902125120,4,7
0902128160,5,8
0902201090,5,8
0902201130,3,7
0902202070,4,7
0902205020,4,6
0902205130,4,4
0902206270,4,8
0902207010,5,9
0902207150,5,6
0902300020,8,9
0902300040,6,6
0902301030,5,8
0902301130,5,7
0902302150,5,5
0902303100,6,8
0902304040,6,4
0902305010,5,7
0902330090,7,8
0902332030,6,6
0902401030,6,7
0902404010,5,6
0902408080,7,8
0902427040,5,5
0903201090,5,7
0903204030,5,6
0903205085,5,5
0903206170,6,7
0903225040,5,7
0903227140,6,6
0903228080,6,6
0903231050,5,7
0903231090,6,5
0903231180,5,8
0903232100,5,7
0903233030,5,6
0903233050,5,8
0903233140,7,8
0903233180,6,6
0903234160,6,5
0903236130,6,8
0903400040,6,6
0903401070,6,7
0903425270,5,5
0903425280,6,7
0903426010,7,6
0903427040,6,7
0903430040,5,4
0903430050,5,3
0903450060,7,4
0903451110,7,7
0903454010,6,7
0903454090,6,6
0903456110,7,9
0903457040,6,5
0903457130,4,6
0903458020,5,7
0903458060,4,7
0903475040,5,6
0903476100,5,7
0904100100,7,8
0904301110,5,6
0904302010,5,6
0905100060,5,5
0905100080,5,5
0905101070,4,3
0905101200,4,5
0905102010,5,8
0905103110,5,4
0905104030,6,5
0905104090,5,5
0905104170,5,5
0905104240,5,6
0905105040,5,5
0905105170,5,5
0905105260,5,7
0905106150,5,5
0905107140,6,5
0905200010,5,7
0905201080,5,5
0905226050,5,7
0905226080,7,8
0905226130,6,5
0905226170,5,6
0905301050,7,5
0905352010,6,5
0905352180,6,5
0905376090,5,7
0905377020,5,5
0905377050,4,5
0905426010,6,7
0905451390,6,6
0905475270,5,5
0905476170,4,7
0905476225,5,6
0905478140,5,6
0905478220,5,6
0906200230,6,5
0906201022,7,5
0906201023,7,5
0906201200,7,5
0906203140,7,5
0906204140,7,6
0906223040,7,5
0906340080,7,5
0906378120,8,5
0906378150,8,5
0906378170,7,5
0906380010,7,5
0906380040,8,5
0906380070,8,5
0906380120,7,5
0906380140,7,5
0906380160,7,5
0906380200,7,5
0906382020,7,5
0906382060,8,5
0906392080,7,5
0906394020,7,5
0906394050,6,5
0906402070,7,5
0906403060,7,5
0906426060,6,7
0906426195,6,5
0906475110,6,8
0907125040,5,5
0907125120,5,5
0907130060,6,5
0907131060,6,6
0907131120,6,5
0907135050,5,7
0907135080,5,5
0907135180,4,5
0907180040,6,5
0907187040,7,5
0907187060,7,5
0907192020,7,5
0907192040,7,5
0907192120,7,5
0907192150,7,5
0907200130,5,5
0907200190,5,5
0907200250,5,7
0907200270,5,5
0907202100,5,4
0907202220,5,6
0907203060,5,5
0907203110,5,6
0907227060,5,5
0907227100,4,8
0907250050,8,5
0907252020,8,5
0907252190,7,5
0907260040,7,5
0907260050,7,5
0907262020,7,5
0907270040,8,5
0907275080,8,5
0907275150,8,5
0907280090,7,5
0907280100,9,5
0907285040,8,5
0907290140,6,5
0907295040,8,5
0907401060,7,5
0907405130,7,5
0907410020,7,5
0907410050,7,5
0907414060,7,5
0907414070,7,5
0907420050,6,5
0907420060,7,5
0907420110,5,5
0908102100,5,7
0908102160,5,5
0908103090,4,6
0908127040,4,5
0908127060,5,6
0908127070,6,6
0908152060,6,6
0908152070,6,7
0908152260,5,5
0908152280,5,5
0908152290,5,5
0908204090,5,7
0908225240,4,5
0908226180,3,6
0908228010,6,8
0908250100,4,5
0908275090,4,7
0908275200,4,5
0908275240,4,5
0908276230,4,6
0909250150,6,7
0909250160,5,5
0909251030,5,5
0909251040,6,7
0909252010,5,7
0909252150,7,8
0909252170,6,7
0909254090,7,8
0909254100,6,8
0909254130,7,5
0909254140,5,6
0909254150,5,6
0909275110,7,7
0909275310,6,6
0909276210,4,6
0909279080,6,7
0909281020,5,5
0909281130,8,8
0909282020,6,8
0909425140,6,7
0909425270,7,6
0909428180,6,4
0909428340,6,6
0909451130,6,6
0909452102,4,5
0909455060,8,5
0909475050,7,5
0909475230,8,5
0910200040,5,7
0910200110,6,7
0910201050,5,7
0910201110,4,5
0910202030,5,7
0910203290,6,5
0910204090,5,2
0910205130,5,5
0911103060,5,6
0911128010,4,6
0911128020,5,9
0911370450,8,5
0911370460,8,5
0914452090,6,6
0914452120,6,6
0914452190,6,5
0914460020,5,5
0914460110,7,5
0914476330,7,5
0914478020,7,6
0914478100,6,6
0916226090,7,6
0916253320,7,5
0916326040,5,6
0916326090,6,8
0916384050,7,5
0916384080,8,5
0916384150,8,5
0916386170,8,5
0916403040,7,7
0916403290,7,5
0916455010,6,5
0916455050,8,5
0916455110,7,5
0916455150,8,5
0916460020,6,5
0916475020,8,5
0921126010,8,5
0921205070,8,5
0923202134,5,5
0923204050,4,5
0923225040,5,7
0923225050,5,5
0923226300,4,4
0923228200,4,5
0923228220,4,6
0923228250,4,5
0923228290,4,6
0923228390,4,3
0923229010,6,5
0923229040,5,5
0923229140,5,6
0923230010,5,7
0923230120,5,7
0923230180,5,7
0923251160,4,3
0923252080,4,6
0923275010,5,6
0923275200,5,7
0923276180,5,7
0923400150,5,5
0923425030,5,6
0526302030,6,5
0526302040,6,6
0526302120,5,5
0526303060,6,6
0526354020,7,6
0527105060,6,5
0527106010,7,5
0527107020,6,5
0527107030,6,5
0527107120,6,5
0527107240,6,5
0527108010,7,5
0527108020,7,5
0527108030,8,5
0527108040,8,5
0527108060,7,5
0527108090,7,5
0527146135,8,5
0527158020,6,6
0527163020,6,5
0527166030,7,5
0527182020,8,5
0527190050,7,7
0527190220,8,5
0527210050,9,5
0527250040,5,5
0527252090,9,5
0527254070,8,5
0527301010,7,7
0527302080,7,5
0527325160,7,7
0527327080,6,5
0527328010,6,6
0527354040,7,5
0527355060,7,5
0527355280,6,6
0527356060,6,6
0527358090,7,5
0527365010,7,5
0527376090,5,6
0527376110,7,5
0527377030,6,6
0527378010,6,6
0527402210,5,5
0527402380,4,5
0527403120,4,4
0527404180,4,4
0527427210,6,5
0527450010,6,5
0527450080,5,6
0527450210,6,5
0527450460,6,7
0527451200,6,5
0527451380,6,7
0527451450,6,5
0527451460,6,5
0527451520,6,5
0527452070,6,5
0527452290,5,7
0527452310,5,5
0527453070,7,7
0527455100,6,5
0528102010,9,5
0528102080,9,5
0528106120,8,5
0528112010,7,5
0528116030,9,5
0528118110,9,5
0528120110,8,5
0528142060,8,5
0528142070,8,5
0528142110,9,5
0528144030,8,5
0528164040,9,5
0528172020,8,5
0528172150,8,5
0528174080,7,5
0528181030,7,5
0528181040,7,5
0528186100,9,5
0528188040,7,5
0528218030,6,5
0528218060,6,5
0528218080,7,5
0528218130,7,5
0528218140,7,5
0528221010,6,5
0528221100,6,5
0528222010,8,5
0528222020,7,5
0528228280,7,5
0528228325,7,5
0528228340,8,5
0528228360,7,5
0528228415,7,5
0528228430,7,5
0528228545,7,5
0528228550,7,5
0528228565,7,5
0528228575,8,5
0528228580,7,5
0528231050,5,5
0528235050,6,5
0528235130,8,5
0528235190,7,5
0528240080,8,5
0528250060,7,5
0528275060,6,5
0528275080,6,5
0528280100,7,5
0528290140,6,5
0528294070,7,5
0528315030,8,5
0528315070,8,5
0528315080,8,5
0528327010,9,5
0528344060,8,5
0528348010,8,5
0528358030,8,5
0528363070,8,5
0528365090,8,5
0528366040,8,5
0528429060,8,5
0528429120,8,5
0528429130,8,5
0528439030,7,5
0528445010,8,5
0528456200,8,5
0528477030,8,5
0528480070,8,5
0528480100,7,5
0528480110,6,5
0528480150,7,5
0528488110,6,5
0528488120,7,5
0528488130,7,5
0531363080,6,5
0531367010,7,5
0531375060,6,5
0531375070,6,5
0531375100,6,5
0531376030,7,5
0531376050,7,5
0531379030,6,5
0531450040,6,5
0531451290,6,5
0531452080,6,5
0531452100,6,5
0531452210,6,5
0531478010,4,4
0531479030,5,5
0532351060,5,4
0532353030,5,6
0532353180,6,7
0532376080,5,5
0532376180,5,6
0532376250,5,6
0532378050,5,6
0532378070,5,6
0532378130,5,6
0532378160,5,7
0532378220,5,6
0532476050,7,4
0533110130,8,5
0533125120,8,5
0533127080,8,7
0533128030,7,5
0533128090,8,5
0533206040,7,5
0533208050,8,5
0533212100,7,5
0533212110,7,5
0533212120,7,5
0533212130,7,5
0533221080,6,5
0533223010,7,5
0533223080,7,5
0533223110,7,5
0533241010,7,5
0533242030,8,5
0533250130,8,5
0533252020,6,6
0533253030,8,5
0533253050,8,5
0533253090,8,5
0533253160,8,5
0534125210,5,6
0534127190,7,7
0534127270,6,6
0534128210,6,7
0534175100,7,6
0534176250,7,5
0534201130,5,5
0534201230,5,5
0534201250,5,5
0534201260,6,7
0534201280,5,5
0534201300,5,6
0534202020,5,5
0534202180,5,7
0534226060,5,8
0534250300,6,5
0534275010,5,6
0534276010,5,5
0534400120,6,7
0534403280,6,6
0534403400,6,6
0534403440,5,6
0534427090,6,5
0534429130,5,7
0534430050,6,8
0534430110,5,6
0534431030,5,7
0534451050,4,7
0534451120,4,7
0534451130,4,5
0534453150,5,8
0534455080,5,6
0534475160,5,6
0534476100,5,5
0534477030,5,3
0534479130,6,7
0534479240,5,6
0534479300,5,6
0535103070,6,5
0535105160,5,3
0535125060,7,6
0535150240,5,5
0535150300,8,4
0535151080,6,7
0535152070,5,6
0535152280,5,5
0535176050,6,5
0535177100,6,6
0535179050,5,5
0535180020,6,6
0535180070,5,6
0535301150,6,8
0535303050,6,5
0535304020,5,6
0535305120,6,6
0535325130,5,7
0535325340,5,5
0535325350,5,6
0535325450,5,6
0535327210,5,5
0535354130,6,6
0535355100,6,6
0535375040,3,8
0535376090,5,7
0535376100,5,6
0535377070,3,3
0535377100,4,8
0535379100,5,6
0535380010,6,8
0535380130,4,4
0535381060,3,4
0535382020,5,4
0535382130,5,8
0535401140,6,5
0535402070,5,5
0535402100,6,5
0535402220,6,7
0535402230,6,5
0535403040,5,5
0535403150,6,6
0535403200,6,6
0535404080,5,7
0535425040,6,6
0535426195,5,6
0535450100,4,6
0535450180,4,4
0535453160,5,5
0535456020,5,6
0535457070,5,4
0535477060,6,5
0535478010,5,5
0535478070,7,6
0535478090,5,6
0535478110,5,5
0902100110,5,8
0902100130,4,4
0902101050,5,6
0902103090,4,6
0902104020,6,8
0902106040,7,7
0902108060,7,8
0902109010,6,8
0902110120,4,6
0902110130,6,5
0902111010,5,7
0902125020,5,6
0902128020,4,5
0902128100,6,8
0902134060,3,5
0902204060,5,7
0902204120,5,7
0902206020,3,5
0902206090,6,7
0902207080,3,8
0902207110,3,4
0902325050,7,7
0902325100,7,6
0902325160,5,4
0902328100,7,6
0902329070,6,7
0902329090,7,7
0902400090,6,5
0902400110,10,9
0902406030,5,5
0903200050,4,5
0903202120,6,5
0903206160,6,7
0903225090,6,7
0903229040,5,7
0903231070,6,6
0903231190,5,4
0903231220,3,5
0903231240,5,7
0903233100,5,6
0903233220,5,7
0903234030,6,6
0903235020,5,7
0903236200,5,6
0903400030,5,5
0903425190,6,5
0903425340,4,5
0903430090,6,8
0903430130,4,4
0903454020,5,4
0903454080,6,6
0903455090,5,6
0903456060,3,4
0903456090,6,8
0903458010,6,6
0904100030,5,5
0904101040,5,4
0904302020,5,3
0904302030,7,5
0905100030,4,5
0905101450,6,8
0905103130,5,6
0905103140,5,6
0905103180,6,7
0905105010,5,6
0905106210,5,5
0905107070,6,7
0905107220,5,5
0905107240,5,6
0905107300,6,6
0905200280,5,5
0905200290,5,4
0905200340,5,4
0905200380,5,5
0905200490,4,9
0905201090,5,6
0905202190,7,6
0905202210,5,6
0905225080,7,4
0905300010,5,7
0905300080,5,5
0905351150,7,5
0905402110,4,5
0905403050,5,5
0905426150,6,7
0905427140,5,5
0905451410,5,8
0905452140,6,4
0905452150,6,5
0905475150,5,7
0905480160,5,3
0906202040,6,5
0906204180,6,4
0906223180,8,5
0906380110,7,5
0906380150,7,5
0906380170,7,5
0906380180,7,5
0906382030,7,5
0906382040,7,5
0906382050,7,5
0906392090,6,5
0906392100,7,5
0906392120,8,5
0906394010,7,5
0906394040,7,5
0906394060,7,5
0906420020,8,5
0906426090,5,5
0906475050,6,5
0906475200,7,5
0906476140,6,5
0907125020,5,5
0907125080,5,6
0907130110,6,5
0907131070,7,5
0907135230,5,5
0907175030,7,5
0907175060,6,5
0907180120,7,5
0907181090,7,5
0907187010,7,5
0907192010,7,5
0907194130,7,5
0907196020,7,5
0907200170,5,5
0907201160,6,6
0907201230,6,6
0907202140,5,6
0907203010,5,7
0907203040,5,7
0907227090,5,8
0907230240,6,5
0907251100,8,5
0907252050,7,5
0907254050,6,5
0907255010,8,5
0907255050,8,5
0907262080,7,5
0907265030,7,5
0907270050,8,5
0907275030,7,5
0907285010,7,5
0907285100,7,5
0907290020,7,6
0907290080,7,5
0907290160,6,5
0907290230,6,5
0907290260,8,5
0907401050,7,5
0907401080,7,5
0907405030,6,5
0907410040,7,5
0907410100,7,5
0907410110,7,5
0907412010,7,5
0907414040,7,5
0907418020,6,5
0907420070,6,5
0907420090,7,5
0908102020,4,6
0908102320,5,4
0908102330,4,5
0908127050,5,4
0908128100,7,5
0908178050,7,5
0908188110,7,5
0908188120,7,5
0908188130,6,5
0908188140,7,5
0908188150,7,5
0908225180,4,7
0908227010,6,3
0908227030,4,5
0908227040,5,3
0908228040,5,7
0908275220,5,7
0909101050,5,7
0909101080,4,4
0909101190,4,5
0909101330,2,3
0909103020,4,7
0909131125,5,8
0909175030,6,5
0909176180,5,5
0909201180,6,6
0909250070,7,8
0909250120,5,5
0909250200,6,8
0909250210,5,5
0909253080,7,8
0909254070,7,6
0909256010,5,5
0909256020,5,4
0909275230,7,5
0909275250,6,5
0909276010,8,7
0909276070,5,6
0909279040,4,5
0909280030,7,7
0909280070,7,7
0909281010,6,8
0909282110,6,7
0909425120,6,7
0909425180,5,6
0909426060,5,7
0909428110,5,5
0909475020,6,5
0910200020,5,6
0910200060,6,7
0910203100,4,4
0910203230,4,6
0910207110,4,6
0910226060,6,5
0911175430,2,3
0911225110,3,5
0911370530,8,5
0913350030,6,6
0914474020,8,5
0914476130,6,6
0916225130,7,5
0916325040,6,5
0916326010,8,6
0916402125,6,6
0916403020,7,5
0916475100,8,5
0916477010,8,5
0921205030,8,5
0923203090,6,5
0923203100,6,5
0923205120,5,5
0923225190,5,6
0923225240,5,6
0923225260,6,4
0923225510,5,7
0923226180,4,6
0923226290,4,4
0923227100,5,5
0923228130,5,7
0923228210,4,5
0923228260,4,7
0923250060,5,5
0923251180,5,7
0923275080,6,6
0923276100,5,5
0923400125,5,5
0924100070,5,5
